{
    "meta": [
        {
            "num_nodes": 14,
            "num_edges": 20,
            "avg_degree": 2.857142857142857,
            "clustering_coeff": 0.69,
            "diameter": 5,
            "avg_path_length": 2.5164835164835164,
            "avg_area": 4.5,
            "largest_component": 14,
            "density": 0.21978021978021978,
            "num_cliques": 9,
            "triangles": 1.5
        }
    ],
    "vertices": {
        "0": [
            1,
            3,
            4,
            10,
            11,
            12,
            13
        ],
        "1": [
            0,
            3,
            6,
            7,
            13
        ],
        "2": [
            8,
            9,
            4,
            5
        ],
        "3": [
            0,
            1,
            10
        ],
        "4": [
            0,
            2,
            11,
            12
        ],
        "5": [
            8,
            2
        ],
        "6": [
            1,
            7
        ],
        "7": [
            1,
            6
        ],
        "8": [
            2,
            5
        ],
        "9": [
            2
        ],
        "10": [
            0,
            3
        ],
        "11": [
            0,
            4
        ],
        "12": [
            0,
            4
        ],
        "13": [
            0,
            1
        ]
    }
}